{
	"format_version": "1.8.0",
	"animations": {
		"animation.candycrazedsableye.ground_walk": {
			"loop": true,
			"animation_length": 0.5833,
			"bones": {
				"body": {
					"position": {
						"0.0": [0, 1.5, 0],
						"0.125": [0, 3.5, 0],
						"0.25": [0, 1.5, 0],
						"0.4167": [0, 3.5, 0],
						"0.5833": [0, 1.5, 0]
					}
				},
				"torso": {
					"rotation": {
						"0.0": [25, 0, 0],
						"0.25": [10, 0, 0],
						"0.5833": [25, 0, 0]
					}
				},
				"head": {
					"rotation": {
						"0.0": [0, 0, 0],
						"0.2083": [-10, 0, 0],
						"0.5833": [0, 0, 0]
					}
				},
				"arm_right": {
					"rotation": {
						"0.0": [-96.64032, 25.92038, -37.42826],
						"0.5833": [-96.64032, 25.92038, -37.42826]
					}
				},
				"arm_right2": {
					"rotation": {
						"0.0": [0, 0, -165],
						"0.5833": [0, 0, -165]
					}
				},
				"arm_left": {
					"rotation": {
						"0.0": [61.228, 60.21215, 157.7301],
						"0.5833": [61.228, 60.21215, 157.7301]
					}
				},
				"arm_left2": {
					"rotation": {
						"0.0": [0, 0, 107.5],
						"0.5833": [0, 0, 107.5]
					}
				},
				"leg_right": {
					"rotation": {
						"0.0": [-97.5, 0, 0],
						"0.25": [0, 0, 0],
						"0.5833": [-97.5, 0, 0]
					},
					"position": [0, 0, 0],
					"scale": 1
				},
				"leg_right2": {
					"rotation": {
						"0.0": [90, 0, 0],
						"0.25": [0, 0, 0],
						"0.5833": [90, 0, 0]
					},
					"position": [0, 0, 0],
					"scale": 1
				},
				"foot_right": {
					"rotation": {
						"0.0": [75, 0, 0],
						"0.25": [57.5, 0, 0],
						"0.5833": [75, 0, 0]
					},
					"position": [0, 0, 0],
					"scale": 1
				},
				"leg_left": {
					"rotation": {
						"0.0": [0, 0, 0],
						"0.25": [-95, 0, 0],
						"0.5833": [0, 0, 0]
					}
				},
				"leg_left2": {
					"rotation": {
						"0.0": [0, 0, 0],
						"0.25": [90, 0, 0],
						"0.5833": [0, 0, 0]
					}
				},
				"foot_left": {
					"rotation": {
						"0.0": [52.5, 0, 0],
						"0.5833": [52.5, 0, 0]
					}
				},
				"bag": {
					"rotation": {
						"0.0": [0, 0, 0],
						"0.1667": [25, 0, 0],
						"0.2917": [0, 0, 0],
						"0.5": [25, 0, 0],
						"0.5833": [0, 0, 0]
					},
					"position": {
						"0.0": [0, 0, 0],
						"0.5833": [0, 0, 0]
					}
				}
			}
		},
		"animation.candycrazedsableye.ground_idle": {
			"loop": true,
			"animation_length": 2.5833,
			"bones": {
				"body": {
					"rotation": {
						"0.0": [0, 0, 0],
						"0.6667": [0, 0, 0],
						"1.125": [0, 0, 0],
						"1.75": [0, 0, 40],
						"1.9583": [0, 0, 48],
						"2.2917": [0, 0, 3],
						"2.5833": [0, 0, 0]
					},
					"position": {
						"0.0": [0, -2, 0],
						"0.6667": [0, -3, 0],
						"1.125": [0, -2, 0],
						"1.4583": [7, 0, 0],
						"1.75": [11, 0, 0],
						"1.9583": [12.67, 0, 0],
						"2.2917": [4.67, 2, 0],
						"2.5833": [0, -2, 0]
					}
				},
				"torso": {
					"rotation": {
						"0.0": [0, 0, 0],
						"0.6667": [0, 0, -17.5],
						"1.125": [0, 0, 0],
						"2.5833": [0, 0, 0]
					},
					"position": {
						"0.0": [0, 0, 0],
						"0.6667": [0, 0, 0],
						"1.125": [0, 0, 0],
						"2.5833": [0, 0, 0]
					}
				},
				"chest": {
					"rotation": {
						"0.0": [0, 0, 0],
						"0.6667": [0, 0, -7.5],
						"1.125": [0, 0, 0],
						"1.4583": [0, 17.5, 0],
						"2.5833": [0, 0, 0]
					}
				},
				"head": {
					"rotation": {
						"0.0": [0, 0, 0],
						"0.6667": [-5, 0, 0],
						"1.125": [0, 0, 0],
						"2.5833": [0, 0, 0]
					}
				},
				"arm_right": {
					"rotation": {
						"0.0": [-108.76834, -32.95202, -42.08616],
						"0.6667": [-111.71847, -36.78075, -37.1214],
						"1.125": [-108.76834, -32.95202, -42.08616],
						"2.5833": [-108.76834, -32.95202, -42.08616]
					}
				},
				"arm_right2": {
					"rotation": {
						"0.0": [0, 17.5, -127.5],
						"1.125": [0, 17.5, -127.5],
						"2.5833": [0, 17.5, -127.5]
					}
				},
				"arm_left": {
					"rotation": {
						"0.0": [5.33916, 57.86319, 120.67276],
						"0.6667": [1.35358, 58.00924, 115.97053],
						"1.125": [5.33916, 57.86319, 120.67276],
						"2.5833": [5.33916, 57.86319, 120.67276]
					}
				},
				"arm_left2": {
					"rotation": {
						"0.0": [0, 0, 102.5],
						"1.125": [0, 0, 102.5],
						"2.5833": [0, 0, 102.5]
					}
				},
				"leg_right": {
					"rotation": {
						"0.0": [-60, 0, 0],
						"0.6667": [-80, 0, 0],
						"1.125": [-60, 0, 0],
						"1.4583": [-45.76848, 37.76124, 26.56505],
						"2.5833": [-60, 0, 0]
					}
				},
				"leg_right2": {
					"rotation": {
						"0.0": [60, 0, 0],
						"0.6667": [80, 0, 0],
						"1.125": [60, 0, 0],
						"2.5833": [60, 0, 0]
					}
				},
				"leg_left": {
					"rotation": {
						"0.0": [-154.96378, -85.75267, 92.54714],
						"0.6667": [-202.46378, -85.75267, 92.54714],
						"1.125": [-154.96378, -85.75267, 92.54714],
						"1.4583": [-169.96378, -85.75267, 92.54714],
						"1.75": [-194.96378, -85.75267, 92.54714],
						"2.5833": [-154.96378, -85.75267, 92.54714]
					}
				},
				"leg_left2": {
					"rotation": {
						"0.0": [24.91643, 2.11089, -4.53359],
						"0.6667": [37.41643, 2.11089, -4.53359],
						"1.125": [24.91643, 2.11089, -4.53359],
						"2.5833": [24.91643, 2.11089, -4.53359]
					}
				},
				"foot_left": {
					"rotation": {
						"0.0": [37.5, 0, 0],
						"0.6667": [32.5, 0, 0],
						"1.125": [37.5, 0, 0],
						"1.75": [17.5, 0, 0],
						"2.5833": [37.5, 0, 0]
					}
				}
			}
		},
		"animation.candycrazedsableye.faint": {
			"animation_length": 4.5,
			"bones": {
				"body": {
					"rotation": [0, 0, 0],
					"position": {
						"0.0": [0, -2, 0],
						"0.3333": [0, 5, 9],
						"0.625": [0, -6, 17]
					}
				},
				"torso": {
					"rotation": {
						"0.0": [0, 0, 0],
						"0.3333": [-52.5, 0, 0],
						"0.8333": [-62.5, 0, 0]
					},
					"position": [0, 0, 0]
				},
				"chest": {
					"rotation": {
						"0.0": [0, 0, 0],
						"0.625": [-32.5, 0, 0],
						"0.8333": [-7.5, 0, 0]
					}
				},
				"head": {
					"rotation": {
						"0.0": [0, 0, 0],
						"0.3333": [-65, 0, 0],
						"0.625": [-15, 0, 0],
						"0.875": [-15.12353, -7.24305, 1.95155],
						"1.0417": [-15.0547, -4.82922, 1.29717],
						"1.1667": [-20.01365, 2.41476, -0.64743],
						"1.3333": [-12.9208, -3.80418, 5.87021],
						"1.375": [-2.9208, -3.80418, 5.87021],
						"1.5417": [2.0792, -3.80418, 5.87021],
						"1.625": [-17.9208, -3.80418, 5.87021],
						"1.7917": [-27.9208, -3.80418, 5.87021],
						"2.0": [-5.4208, -3.80418, 5.87021]
					}
				},
				"arm_right": {
					"rotation": {
						"0.0": [-108.76834, -32.95202, -42.08616],
						"0.3333": [-105.98963, -11.44849, -49.30301],
						"0.625": [-108.04416, 29.35313, -61.63126]
					}
				},
				"arm_right2": {
					"rotation": {
						"0.0": [0, 17.5, -127.5],
						"0.3333": [15.62489, -7.98133, -11.09681],
						"0.625": [17.35932, -2.24944, -30.34344]
					}
				},
				"arm_left": {
					"rotation": {
						"0.0": [5.33916, 57.86319, 120.67276],
						"0.3333": [-116.92947, 48.89845, 12.11273],
						"0.625": [-107.39324, -5.13145, 34.66359],
						"1.4583": [-156.28069, 71.02226, -32.02047],
						"1.5417": [-163.27921, 71.88807, -39.40104],
						"1.6667": [-186.77736, 72.5529, -64.04221],
						"1.7917": [-191.71304, 79.9626, -69.11255],
						"1.9583": [-100.31806, -17.67012, 35.9404]
					}
				},
				"arm_left2": {
					"rotation": {
						"0.0": [0, 0, 102.5],
						"0.3333": [0, 0, -2.5],
						"1.5417": [0, 0, 12.5],
						"1.6667": [0, 0, 17.5],
						"1.7083": [0, 0, 7.5],
						"1.7917": [0, 0, 5]
					}
				},
				"leg_right": {
					"rotation": {
						"0.0": [-60, 0, 0],
						"0.3333": [-142.5, 0, 0],
						"1.875": [-126.78054, 37.12482, -80.57795]
					}
				},
				"leg_right2": {
					"rotation": [60, 0, 0]
				},
				"leg_left": {
					"rotation": {
						"0.0": [-154.96378, -85.75267, 92.54714],
						"0.3333": [-128.85845, 4.29043, 27.35474],
						"1.875": [-96.35845, 4.29043, 27.35474]
					}
				},