{
	"format_version": "1.8.0",
	"animations": {
		"animation.gunseaslash.ground_idle": {
			"loop": true,
			"animation_length": 1.75,
			"bones": {
				"body": {
					"rotation": {
						"0.0": [0, 0, 0],
						"0.8333": [0, 0, 0],
						"1.75": [0, 0, 0]
					},
					"position": {
						"0.0": [0, 0, 0],
						"0.8333": [0, 0, 0],
						"1.75": [0, 0, 0]
					}
				},
				"gun": {
					"rotation": {
						"0.0": [0, 2.5, 0],
						"0.2083": [-2.5, 2.5, 0],
						"0.5417": [-1.96507, 4.99853, -0.08578],
						"0.75": [-2.43756, -0.30916, -0.08068],
						"0.8333": [0.87374, 4.56775, -0.07099],
						"1.0833": [0.63411, 1.50397, -0.07936],
						"1.25": [-3.44679, 1.74325, -0.06029],
						"1.375": [-2.13247, 1.9227, -0.04599],
						"1.5": [-1.4253, 4.61436, -0.09287],
						"1.75": [0, 2.5, 0]
					},
					"position": {
						"0.0": [0, 10, 0],
						"0.9167": [0, 11, 0],
						"1.75": [0, 10, 0]
					}
				},
				"knife": {
					"rotation": {
						"0.0": [-89.2022, -29.87562, 179.65092],
						"0.5": [-106.73122, 1.6219, 180.06232],
						"0.875": [-76.53236, -17.82394, 180.20747],
						"1.1667": [-70.44889, 25.84032, 191.29404],
						"1.75": [-89.2022, -29.87562, 179.65092]
					},
					"position": {
						"0.0": [7, 2, -10],
						"0.5": [4.6, 1, -10],
						"0.8333": [3, 2, -10],
						"1.75": [7, 2, -10]
					}
				}
			}
		},
		"animation.gunseaslash.water_idle": {
			"loop": true,
			"animation_length": 1.75,
			"bones": {
				"body": {
					"rotation": {
						"0.0": [0, 0, 0],
						"0.8333": [0, 0, 0],
						"1.75": [0, 0, 0]
					},
					"position": {
						"0.0": [0, 0, 0],
						"0.8333": [0, 0, 0],
						"1.75": [0, 0, 0]
					}
				},
				"gun": {
					"rotation": {
						"0.0": [0, 2.5, 0],
						"0.2083": [-2.5, 2.5, 0],
						"0.5417": [-1.96507, 4.99853, -0.08578],
						"0.75": [-2.43756, -0.30916, -0.08068],
						"0.8333": [0.87374, 4.56775, -0.07099],
						"1.0833": [0.63411, 1.50397, -0.07936],
						"1.25": [-3.44679, 1.74325, -0.06029],
						"1.375": [-2.13247, 1.9227, -0.04599],
						"1.5": [-1.4253, 4.61436, -0.09287],
						"1.75": [0, 2.5, 0]
					},
					"position": {
						"0.0": [0, 10, 0],
						"0.9167": [0, 11, 0],
						"1.75": [0, 10, 0]
					}
				},
				"knife": {
					"rotation": {
						"0.0": [-89.2022, -29.87562, 179.65092],
						"0.5": [-106.73122, 1.6219, 180.06232],
						"0.875": [-76.53236, -17.82394, 180.20747],
						"1.1667": [-70.44889, 25.84032, 191.29404],
						"1.75": [-89.2022, -29.87562, 179.65092]
					},
					"position": {
						"0.0": [7, 2, -10],
						"0.5": [4.6, 1, -10],
						"0.8333": [3, 2, -10],
						"1.75": [7, 2, -10]
					}
				}
			}
		},
		"animation.gunseaslash.physical": {
			"animation_length": 2.5,
			"bones": {
				"body": {
					"rotation": {
						"0.0": [0, 0, 0],
						"2.2917": [0, 0, 0]
					},
					"position": {
						"0.0": [0, 0, 0],
						"2.2917": [0, 0, 0]
					}
				},
				"gun": {
					"rotation": {
						"0.0": [0, 2.5, 0],
						"1.75": [0, 2.5, 0],
						"1.7917": [-42.5, 2.5, 0],
						"2.1667": [0, 2.5, 0]
					},
					"position": {
						"0.0": [0, 10, 0],
						"1.75": [0, 10, 0],
						"2.1667": [0, 10, 0]
					}
				},
				"knife": {
					"rotation": {
						"0.0": [-89.2022, -29.87562, 179.65092],
						"0.25": [-89.2022, -29.87562, 179.65092],
						"0.7083": [-65.15578, -11.94374, 189.19021],
						"0.9167": [-90.97784, -1.38706, 180.80465],
						"1.2083": [-90.97784, -1.38706, 180.80465],
						"1.75": [-90.97784, -1.38706, 180.80465],
						"1.8333": [-91.35626, -43.87924, 181.72114],
						"1.875": [-92.43927, -66.36819, 183.0159],
						"1.9167": [-268.35248, -53.60143, 359.45474],
						"1.9583": [-268.88649, -28.60819, 360.24775],
						"2.0": [-269.01634, 6.38633, 360.8904],
						"2.1667": [-89.2022, -29.87562, 179.65092]
					},
					"position": {
						"0.0": [7, 2, -10],
						"0.25": [0, 2, -23],
						"0.7083": [5, 8, -32],
						"0.9167": [3.25, 9, -32],
						"1.2083": [3.25, 9, -32],
						"1.375": [3.25, 9, -28],
						"1.4583": [3.25, 9, -25],
						"1.75": [3.25, 9, -25],
						"1.7917": [3.25, 9, -71],
						"1.8333": [1.25, 9, -158],
						"1.875": [-0.75, 9, -158],
						"1.9167": [-8.75, 9, -145],
						"1.9583": [-14.75, 9, -113],
						"2.0": [-14.75, 9, -78],
						"2.0417": [-14.75, 9, -41],
						"2.0833": [-14.75, 9, -1],
						"2.125": [28.04, 6.17, 18.36],
						"2.1667": [7, 2, -10]
					}
				},
				"handle": {
					"scale": {
						"1.375": [1, 1, 1],
						"1.4583": [1, 0, 0],
						"1.75": [1, 0, 0]
					}
				}
			}
		},
		"animation.gunseaslash.special": {
			"animation_length": 2,
			"bones": {
				"body": {
					"rotation": {
						"0.0": [0, 0, 0],
						"2.0": [0, 0, 0]
					},
					"position": {
						"0.0": [0, 0, 0],
						"2.0": [0, 0, 0]
					}
				},
				"gun": {
					"rotation": {
						"0.0": [0, 2.5, 0],
						"1.5417": [0, 2.5, 0],
						"1.6667": [-82.5, 2.5, 0],
						"2.0": [0, 2.5, 0]
					},
					"position": {
						"0.0": [0, 10, 0],
						"1.5417": [0, 10, 0],
						"1.6667": [0, 10, 0],
						"2.0": [0, 10, 0]
					}
				},
				"front_cannon": {
					"rotation": {
						"0.0": [0, 0, 0],
						"0.8333": [0, 0, 0],
						"1.1667": [22.14785, 1.49502, -92.69681],
						"1.5833": [22.14785, 1.49502, -92.69681],
						"2.0": [0, 0, 0]
					},
					"position": {
						"0.0": [0, 0, 0],
						"0.8333": [0, 0, 0],
						"0.9583": [0, -6, 0],
						"1.1667": [0, -15, 0],
						"1.5833": [0, -15, 0],
						"2.0": [0, 0, 0]
					},
					"scale": {
						"0.0": [1, 1, 1],
						"1.4583": [1, 1, 1],
						"1.5": [1, 0.1, 0],
						"1.9583": [1, 0.1, 0],
						"2.0": [1, 1, 1]
					}
				},
				"knife": {
					"rotation": {
						"0.0": [-89.2022, -29.87562, 179.65092],
						"0.2917": [-152.81626, -87.10549, 245.98179],
						"0.7083": [-115.31626, -87.10549, 245.98179],
						"0.8333": [-115.31626, -87.10549, 245.98179],
						"0.9583": [-191.83309, -87.10549, 245.98179],
						"2.0": [-89.2022, -29.87562, 179.65092]
					},
					"position": {
						"0.0": [7, 2, -10],
						"0.2917": [13, 2, -14],
						"0.7083": [10, 16, -14],
						"0.8333": [7, 16, -14],
						"0.9583": [6, 0, -14],
						"2.0": [7, 2, -10]
					}
				}
			}
		},
		"animation.gunseaslash.sleep": {
			"loop": true,
			"bones": {
				"gun": {
					"rotation": [0, 0, -90],
					"position": [0, -1, 0]
				},
				"front_cannon": {
					"position": [0, 0, 0]
				},
				"knife": {
					"rotation": [-90, -2.5, 90],
					"position": [15, -5, -14]
				}
			}
		},
		"animation.gunseaslash.recoil": {
			"animation_length": 1.75,
			"bones": {
				"body": {
					"rotation": {
						"0.0": {
							"post": [0, 0, 0],
							"lerp_mode": "catmullrom"
						},
						"0.125": {
							"post": [-15, 0, 0],
							"lerp_mode": "catmullrom"
						},
						"0.2917": {
							"post": [10, 0, 0],
							"lerp_mode": "catmullrom"
						},
						"0.4167": {
							"post": [-2.5, 0, 0],
							"lerp_mode": "catmullrom"
						},
						"0.5417": {
							"post": [0, 0, 0],
							"lerp_mode": "catmullrom"
						},
						"0.8333": [0, 0, 0],
						"1.75": [0, 0, 0]
					},
					"position": {
						"0.0": [0, 0, 0],
						"0.0417": [0, -1, 0],
						"0.125": [0, 0, 0],
						"0.8333": [0, 0, 0],
						"1.75": [0, 0, 0]
					}
				},
				"gun": {
					"rotation": {
						"0.0": [0, 2.5, 0],
						"0.2083": [-2.5, 2.5, 0],
						"0.5417": [-1.96507, 4.99853, -0.08578],
						"0.75": [-2.43756, -0.30916, -0.08068],
						"0.8333": [0.87374, 4.56775, -0.07099],
						"1.0833": [0.63411, 1.50397, -0.07936],
						"1.25": [-3.44679, 1.74325, -0.06029],
						"1.375": [-2.13247, 1.9227, -0.04599],
						"1.5": [-1.4253, 4.61436, -0.09287],
						"1.75": [0, 2.5, 0]
					},
					"position": {
						"0.0": [0, 10, 0],
						"0.9167": [0, 11, 0],
						"1.75": [0, 10, 0]
					}
				},
				"knife": {
					"rotation": {
						"0.0": [-89.2022, -29.87562, 179.65092],
						"0.5": [-106.73122, 1.6219, 180.06232],