{
	"format_version": "1.8.0",
	"animations": {
		"animation.steeloathtinkaton.ground_idle": {
			"loop": true,
			"animation_length": 1.75,
			"bones": {
				"hammer2": {
					"rotation": {
						"0.0": [0, 0, -105],
						"0.875": [0, 0, -105],
						"1.75": [0, 0, -105]
					},
					"position": {
						"0.0": [0, 0, 1],
						"0.875": [0, 0, 1],
						"1.75": [0, 0, 1]
					}
				},
				"torso2": {
					"rotation": {
						"0.0": [-2.5, 0, 0],
						"0.875": [2.5, 0, 0],
						"1.75": [-2.5, 0, 0]
					}
				},
				"arm_left2": {
					"rotation": {
						"0.0": [90, 70, -180],
						"0.875": [90, 70, -180],
						"1.75": [90, 70, -180]
					}
				},
				"hand_left2": {
					"rotation": {
						"0.0": [0, 0, 20],
						"0.875": [0, 10, 20],
						"1.75": [0, 0, 20]
					}
				},
				"finger_left6": {
					"rotation": {
						"0.0": [0, 0, 15],
						"0.875": [0, 0, 15],
						"1.75": [0, 0, 15]
					}
				},
				"finger_left7": {
					"rotation": {
						"0.0": [0, 0, 20],
						"0.875": [0, 0, 20],
						"1.75": [0, 0, 20]
					}
				},
				"finger_left8": {
					"rotation": {
						"0.0": [0, 0, 35],
						"0.875": [0, 0, 35],
						"1.75": [0, 0, 35]
					}
				},
				"arm_right2": {
					"rotation": {
						"0.0": [0, -32.5, 0],
						"0.875": [0, -32.5, 0],
						"1.75": [0, -32.5, 0]
					}
				},
				"hand_right2": {
					"rotation": {
						"0.0": [-50.99742, -42.80378, -28.82357],
						"0.875": [-59.43351, -48.53398, -17.06488],
						"1.75": [-50.99742, -42.80378, -28.82357]
					}
				},
				"finger_right5": {
					"rotation": {
						"0.0": [0, 0, -35],
						"0.875": [0, 0, -35],
						"1.75": [0, 0, -35]
					}
				},
				"finger_right6": {
					"rotation": {
						"0.0": [0, 0, -50],
						"0.875": [0, 0, -50],
						"1.75": [0, 0, -50]
					}
				},
				"finger_right7": {
					"rotation": {
						"0.0": [0, 0, -50],
						"0.875": [0, 0, -50],
						"1.75": [0, 0, -50]
					}
				},
				"finger_right8": {
					"rotation": {
						"0.0": [0, 0, -45],
						"0.875": [0, 0, -45],
						"1.75": [0, 0, -45]
					}
				},
				"hammer3": {
					"rotation": {
						"0.0": [0, 0, -105],
						"0.875": [0, 0, -105],
						"1.75": [0, 0, -105]
					},
					"position": {
						"0.0": [0, 0, 1],
						"0.875": [0, 0, 1],
						"1.75": [0, 0, 1]
					}
				}
			}
		},
		"animation.steeloathtinkaton.faint": {
			"animation_length": 1.6667,
			"bones": {
				"hammer2": {
					"rotation": [0, 0, -105],
					"position": [0, 0, 1]
				},
				"body2": {
					"rotation": {
						"0.0": [0, 0, 0],
						"0.7083": [-45, 0, 0],
						"1.1667": [-70, 0, 0]
					},
					"position": {
						"0.0": [0, 0, 0],
						"1.1667": [0, -3, 5]
					}
				},
				"torso2": {
					"rotation": {
						"0.0": [-2.5, 0, 0],
						"0.7083": [-17.5, 0, 0]
					}
				},
				"arm_left2": {
					"rotation": {
						"0.0": [90, 70, -180],
						"0.7083": [-270, 82.5, -540],
						"1.1667": [-450, 22.5, -720]
					}
				},
				"hand_left2": {
					"rotation": {
						"0.0": [0, 0, 20],
						"0.7083": [0, 0, -80],
						"1.1667": [0, 0, -75]
					}
				},
				"finger_left6": {
					"rotation": [0, 0, 15]
				},
				"finger_left7": {
					"rotation": [0, 0, 20]
				},
				"finger_left8": {
					"rotation": [0, 0, 35]
				},
				"arm_right2": {
					"rotation": {
						"0.0": [0, -32.5, 0],
						"1.1667": [-30.8269, 0.42771, 10.58957]
					}
				},
				"hand_right2": {
					"rotation": {
						"0.0": [-50.99742, -42.80378, -28.82357],
						"0.7083": [-62.47765, 2.21738, 1.15495],
						"1.1667": [-58.31584, 28.46296, 16.39211]
					}
				},
				"finger_right5": {
					"rotation": [0, 0, -35]
				},
				"finger_right6": {
					"rotation": [0, 0, -50]
				},
				"finger_right7": {
					"rotation": [0, 0, -50]
				},
				"finger_right8": {
					"rotation": [0, 0, -45]
				},
				"leg_right3": {
					"rotation": {
						"0.0": [0, 0, 0],
						"0.7083": [-70, 0, 0]
					}
				},
				"leg_left3": {
					"rotation": {
						"0.0": [0, 0, 0],
						"1.1667": [-35, 0, 0]
					}
				},
				"hammer3": {
					"rotation": [0, 0, -105],
					"position": [0, 0, 1]
				}
			}
		},
		"animation.steeloathtinkaton.ground_walk": {
			"loop": true,
			"animation_length": 1,
			"bones": {
				"body2": {
					"rotation": {
						"0.0": [0, 0, 2.5],
						"0.5": [0, 0, 2.5],
						"1.0": [0, 0, 2.5]
					}
				},
				"torso2": {
					"rotation": {
						"0.0": [-2.5, 0, 0],
						"0.5": [-2.4905, -0.21782, -4.99527],
						"1.0": [-2.5, 0, 0]
					}
				},
				"head2": {
					"rotation": {
						"0.0": [0, 0, 0],
						"0.5": [0, 0, 12.5],
						"1.0": [0, 0, 0]
					}
				},
				"arm_left2": {
					"rotation": {
						"0.0": [90, 70, -180],
						"0.5": [70.27126, 68.69404, -201.05302],
						"1.0": [90, 70, -180]
					}
				},
				"hand_left2": {
					"rotation": {
						"0.0": [0, 0, 20],
						"0.5": [0, 0, 20],
						"1.0": [0, 0, 20]
					}
				},
				"finger_left6": {
					"rotation": {
						"0.0": [0, 0, 15],
						"0.5": [0, 0, 15],
						"1.0": [0, 0, 15]
					}
				},
				"finger_left7": {
					"rotation": {
						"0.0": [0, 0, 20],
						"0.5": [0, 0, 20],
						"1.0": [0, 0, 20]
					}
				},
				"finger_left8": {
					"rotation": {
						"0.0": [0, 0, 35],
						"0.5": [0, 0, 35],
						"1.0": [0, 0, 35]
					}
				},
				"arm_right2": {
					"rotation": {
						"0.0": [0, -32.5, 0],
						"0.5": [0, -32.5, 0],
						"1.0": [0, -32.5, 0]
					}
				},
				"hand_right2": {
					"rotation": {
						"0.0": [-50.99742, -42.80378, -28.82357],
						"0.5": [-46.21434, -37.83621, -36.20277],
						"1.0": [-50.99742, -42.80378, -28.82357]
					}
				},
				"finger_right5": {
					"rotation": {
						"0.0": [0, 0, -35],
						"0.5": [0, 0, -35],
						"1.0": [0, 0, -35]
					}
				},
				"finger_right6": {
					"rotation": {
						"0.0": [0, 0, -50],
						"0.5": [0, 0, -50],
						"1.0": [0, 0, -50]
					}
				},
				"finger_right7": {
					"rotation": {
						"0.0": [0, 0, -50],
						"0.5": [0, 0, -50],
						"1.0": [0, 0, -50]
					}
				},
				"finger_right8": {
					"rotation": {
						"0.0": [0, 0, -45],
						"0.5": [0, 0, -45],
						"1.0": [0, 0, -45]
					}
				},
				"hammer2": {
					"rotation": {
						"0.0": [0, 0, -105],
						"0.5": [0, 0, -105],
						"1.0": [0, 0, -105]
					},
					"position": {
						"0.0": [0, 0, 1],
						"0.5": [0, 0, 1],
						"1.0": [0, 0, 1]
					}
				},
				"hammer3": {
					"rotation": {
						"0.0": [0, 0, -105],
						"0.5": [0, 0, -105],
						"1.0": [0, 0, -105]
					},
					"position": {
						"0.0": [0, 0, 1],
						"0.5": [0, 0, 1],
						"1.0": [0, 0, 1]
					}
				},
				"leg_right3": {
					"rotation": {
						"0.0": [-57.5, 0, 0],
						"0.5": [0, 0, 0],
						"1.0": [-57.5, 0, 0]
					}
				},
				"leg_left3": {
					"rotation": {
						"0.0": [0, 0, 0],
						"0.5": [-70, 0, 0],
						"1.0": [0, 0, 0]
					}
				}
			}
		}
	}
}